代碼,顯示名,分類
*,,
.G2Y,歐式端子,歐式端子
.GX2Y,歐式裸端子,歐式裸端子
02F,安定器,安定器
0F2,安全帶,安全帶
0F2DC,安全帶扣環,安全帶扣環
0F2YT,安全帶總成,安全帶總成
0FFS,安全氣囊,安全氣囊
0FFSG5WC,安全氣囊時鐘彈簧,安全氣囊時鐘彈簧
0FGXN,安全栓螺絲,安全栓螺絲
115,報表紙,報表紙
12,邊燈,邊燈
121,杯燈,杯燈
122Y,閉端端子,閉端端子
12D,邊燈殼,邊燈殼
15,備註,備註
15AQ,標誌銘牌,標誌銘牌
15E5F,爆震感知器,爆震感知器
15F,避震器,避震器
15FFS,避震器氣囊,避震器氣囊
15FGY,避震器上座,避震器上座
15FWC,避震器彈簧,避震器彈簧
15FWV,避震器桶芯,避震器桶芯
15FYT,避震器總成,避震器總成
15R,比重計,比重計
15Y,標誌座,標誌座
1CVE2Y,壁虎型固定座,壁虎型固定座
1CW,變換頭,變換頭
1E,白干,白干
1EJR,保桿彎角,保桿彎角
1ESW,保桿內鐵,保桿內鐵
1EY,乾燥包,乾燥包
1EZCW,保桿防護條,保桿防護條
1F,補請,補請
1F1,標籤,標籤
1G,把手,把手
1G1,標示板,標示板
1G2,爆閃燈,爆閃燈
1GC,標示盒,標示盒
1GVR,變速箱腳,變速箱腳
1N,波斯,波斯
1NV,變速箱,變速箱
1NVU,變速箱油,變速箱油
1NVUJ,變速箱油網,變速箱油網
1NVUJ2Q,變速箱油網墊片,變速箱油網墊片
1NVUZ,變速箱油封,變速箱油封
1NVV,變速箱線,變速箱線
1Q,邦浦,邦浦
1QF1,變頻器,變頻器
1QR,邦浦架,邦浦架
1R,杯架,杯架
1R2,冰角燈,冰角燈
1T2,板車燈,板車燈
1TC2,板車後燈,板車後燈
1TC2D,板車後燈殼,板車後燈殼
1TV,板車線,板車線
1UF,變壓器,變壓器
1V2,標線燈,標線燈
1VE,保險桿,保險桿
1VN,保險絲,保險絲
1VNC,保險絲盒,保險絲盒
1VNE F2F,保險絲管,保險絲管
1VNY,保險絲座,保險絲座
1VNYE,保險絲座蓋,保險絲座蓋
1VRW,本線接頭,本線接頭
1VW,丙烯筒,丙烯筒
1WD,白鐵殼,白鐵殼
1X,玻璃,玻璃
1XH,玻璃槽,玻璃槽
1XR,玻璃夾,玻璃夾
1XR1,補漏劑,補漏劑
1XX,保麗龍,保麗龍
2-,吊耳,吊耳
21,吊板,吊板
211,電表,電表
212,電霸,電霸
21Z,單錶伐,單錶伐
22,大燈,大燈
220S,打擋按鈕,打擋按鈕
221Q,電動幫浦,電動幫浦
222Q,大燈燈炮,大燈燈炮
222Y,大燈底座,大燈底座
22CGR,電動後視鏡,電動後視鏡
22D,大燈框,大燈框
22D1,大燈扣,大燈扣
22DE,大燈開關,大燈開關
22F,斷電器,斷電器
22FE,單動汽缸,單動汽缸
22FW02F,大燈氣體安定器,大燈氣體安定器
22GY,大燈束子,大燈束子
22Q1,電動幫浦,電動幫浦
22RD,大燈膠殼,大燈膠殼
22T22F,電動窗斷電器,電動窗斷電器
22TDE,電動窗開關,電動窗開關
22UA2,電動椅馬達,電動椅馬達
22UDE,電動椅開關,電動椅開關
22UNR,電動壓縮機,電動壓縮機
22YT 22,大燈總成,大燈總成
22ZV2DE,大燈方向燈開關,大燈方向燈開關
25,電鐘,電鐘
251,地址,地址
2A1NV,電腦變速箱,電腦變速箱
2AR,單面膠,單面膠
2ARW,端末接頭,端末接頭
2B,大榮,大榮
2C,電話,電話
2CD5F,點火控制器,點火控制器
2CF,電焊槍,電焊槍
2CFW,電焊槍頭,電焊槍頭
2CW,打火頭,打火頭
2CZ2F,點火放大器,點火放大器
2D,燈殼,燈殼
2DASR,電控模擬機,電控模擬機
2DY,燈殼座,燈殼座
2E,代工,代工
2E1,代購,代購
2E2,惰桿,惰桿
2E3,導管,導管
2FR,打氣機,打氣機
2GA2,打水馬達,打水馬達
2GDE,惰式開關,惰式開關
2GF,定時器,定時器
-2GQVE2Y,二段式配線固定座,二段式配線固定座
2GZ1,碟式分泵,碟式分泵
2GZ1RQ,碟式分泵(舊品),碟式分泵(舊品)
2H,導槽,導槽
2HZ,電磁閥,電磁閥
2JDE,檔位開關,檔位開關
2JF,電位器,電位器
2M1VN 1VNV,電源保險絲,電源保險絲
2MGE,電源上蓋,電源上蓋
2MV,電源線,電源線
2MVD,電源線扣,電源線扣
2NA2,怠速馬達,怠速馬達
2NDE,定速開關,定速開關
2NGT2,第三煞車燈,第三煞車燈
2Q,燈炮,燈炮
2Q1,墊片,墊片
2Q5,燈炮罩,燈炮罩
2Q51,墊片紙,墊片紙
2QE,電瓶蓋,電瓶蓋
2QE2R,電瓶固定架,電瓶固定架
2QN,大波司,大波司
2QW,燈泡套,燈泡套
2R,代寄,代寄
2R1,吊架,吊架
2RF,大膠圈,大膠圈
2RR,電將軍,電將軍
2S,電腦,電腦
2S1,擋泥板,擋泥板
2S1NV,電腦變速箱,電腦變速箱
2SH,擋泥槽,擋泥槽
2T,電池,電池
2T2,倒車燈,倒車燈
2T2Q,電池底盤,電池底盤
2TA,代觸媒,代觸媒
2TDE,倒車開關,倒車開關
2TG,電池水,電池水
2TG1,電池試表,電池試表
2TGUUA,倒車攝影螢幕,倒車攝影螢幕
2TR,電池夾,電池夾
2TW,電池頭,電池頭
2TWW,電池銅頭,電池銅頭
2TX1,倒車喇叭,倒車喇叭
2TX2,倒車雷達,倒車雷達
2TX2Y,倒車雷達座,倒車雷達座
2TXN,電池螺絲,電池螺絲
2TYDE,電池總開關,電池總開關
2U1,低壓表,低壓表
2U11,電壓表,電壓表
2U5G2DE,低壓指示燈開關,低壓指示燈開關
2U5HF,電壓偵測器,電壓偵測器
2UA2,打油馬達,打油馬達
2UE,低壓管,低壓管
2UF,大油圈,大油圈
2UR,點煙機,點煙機
2URYT,點煙機總成,點煙機總成
2UWT,定量填充,定量填充
2VCA,單項活門,單項活門
2W,燈頭,燈頭
2W1,地毯,地毯
2WE,短銅管,短銅管
2X,惰輪,惰輪
2X1,電流表,電流表
2X12,電路板,電路板
2X1Q,動力幫浦,動力幫浦
2X1QUC,動力幫浦油壺,動力幫浦油壺
2X1Y,電流表座,電流表座
2XBV,動力軟線,動力軟線
2XEN,電力公司,電力公司
2XRE,電力金剛,電力金剛
2XV,動力箱,動力箱
2XW5F,惰輪調整器,惰輪調整器
2XY,惰輪座,惰輪座
2Y,底座,底座
2Y1,電阻,電阻
2Y1R,電子白金,電子白金
2Y1T,電子磅秤,電子磅秤
2Y2,墊子,墊子
2Y21,豆子燈,豆子燈
2Y3,訂做,訂做
2Y4,端子,端子
2Y5,豆子,豆子
2Y51,電子鐘,電子鐘
2Y6,端子,端子
2YC,端子盒,端子盒
2YGJD,電子式溫控,電子式溫控
2YGTDE,電子剎車開關,電子剎車開關
2YQ,彈子盤,彈子盤
2YQ1,彈子盤,彈子盤
2YUA,電子油門,電子油門
2YVY,電子線組,電子線組
2YX1,電子喇叭,電子喇叭
2YZ2F,電子放大器,電子放大器
2ZG,電風扇,電風扇
51R,置杯架,置杯架
52,帳單,帳單
522Q,炸彈燈炮,炸彈燈炮
52R,照地鏡,照地鏡
55,中柱,中柱
55D,止撞塊,止撞塊
5D,折扣,折扣
5D1,真空表,真空表
5D1Q,真空邦浦,真空邦浦
5D1QU,真空幫浦油,真空幫浦油
5D1QU 1QU,真空邦浦油,真空邦浦油
5DA2,中控馬達,中控馬達
5DA2CXRN XRNYT,中控馬達含六角鎖,中控馬達含六角鎖
5DDE,中控開關,中控開關
5DDE1,真空開關,真空開關
5DE,真空管,真空管
5DZ,真空閥,真空閥
5EF,助光器,助光器
5EVY,助光線組,助光線組
5F,中全,中全
5G2,指示燈,指示燈
5G2ZAF,指示燈蜂鳴器,指示燈蜂鳴器
5JC,置物盒,置物盒
5JE,制位桿,制位桿
5JV,置物箱,置物箱
5JVG1,置物箱把手,置物箱把手
5Q,支票,支票
5Q1,指配,指配
5R,支架,支架
5R1,正機,正機
5T,軸承,軸承
5TW,軸承套,軸承套
5TXF,駐車冷氣,駐車冷氣
5U1,遮陽板,遮陽板
5UZ,止液閥,止液閥
5UZ1,止壓閥,止壓閥
5UZG,中央扶手,中央扶手
5V,紙箱,紙箱
5V2,晝型燈,晝型燈
5VTEZ,針型充灌閥,針型充灌閥
5VWC,鐘型彈簧,鐘型彈簧
5VWCY,鐘型彈簧座,鐘型彈簧座
5X2,照輪燈,照輪燈
5X5,整流罩,整流罩
5XF,漲力器,漲力器
5XF1,整流器,整流器
5XWY,整流體座,整流體座
5Y,轉子,轉子
9TX,愛車冷,愛車冷
A1,面板,面板
A2,馬達,馬達
A21,門擋,門擋
A2R,免墊膠,免墊膠
ABSV,ABS線,ABS線
ACDE,AC開關,AC開關
ADZ,麥克風,麥克風
ANCA,慢速活門,慢速活門
AR,模具,模具
AU5,馬牙軸,馬牙軸
AVE,毛細管,毛細管
AW,饅頭,饅頭
AWVW5R,馬蹄型調整腳,馬蹄型調整腳
BCR,潤滑劑,潤滑劑
BE,軟管,軟管
BE2,日光燈,日光燈
BE2D,日光燈殼,日光燈殼
BE2E,日光燈管,日光燈管
BFZ,熱氣閥,熱氣閥
BGA2,熱水馬達,熱水馬達
BGE,熱水管,熱水管
BGNWE,熱縮收套管,熱縮收套管
BGW,入水頭,入水頭
BGZ,熱水閥,熱水閥
BV2,日行燈,日行燈
BX,日曆,日曆
BXA2,燃料馬達,燃料馬達
C1,後保,後保
C11,護板,護板
C1E,後保桿,後保桿
C2 12DE,黑豆 (冰點開關),黑豆
C2D,後燈殼,後燈殼
C2D1,後燈框,後燈框
C2R,後燈架,後燈架
C2T,核電廠,核電廠
C2W,打火頭,打火頭
C2YT C2,後燈總成,後燈總成
C51,迴轉表,迴轉表
C51EUF,迴轉表感應器,迴轉表感應器
C51V,迴轉錶線,迴轉錶線
C55,後支柱,後支柱
C5E,後軸蓋,後軸蓋
CA,海綿,海綿
CAE,海綿管,海綿管
CAR,海綿膠,海綿膠
CAR1,護目鏡,護目鏡
CD,黑殼,黑殼
CD1,滑扣,滑扣
CE,黑干,黑干
CE1,後蓋,後蓋
CEY CEG,黑干座,黑干座
CEY1,旗桿座,旗桿座
CF,黑漆,黑漆
CF1,焊槍,焊槍
CF2,後全,後全
CFD,焊槍殼,焊槍殼
CFV,廢氣循環芯,廢氣循環芯
CFW,焊槍頭,焊槍頭
CG1,後飾板,後飾板
CGF,外水切,外水切
CGG,護手霜,護手霜
CGR,後視鏡,後視鏡
CGR1D,後視鏡臂殼,後視鏡臂殼
CGR2,後視鏡燈,後視鏡燈
CGR5,後視鏡罩,後視鏡罩
CGRDE,后視鏡開關,后視鏡開關
CGRE RE,後視鏡桿,後視鏡桿
CGRJD,後視鏡外殼,後視鏡外殼
CGRQ,後視鏡片,後視鏡片
CGRZV2,後視鏡方向燈,後視鏡方向燈
CGW,和尚頭,和尚頭
CN,活塞,活塞
CN1,華斯,華斯
CN2Q,黃色燈泡,黃色燈泡
CNC,活塞環,活塞環
CQ,滑片,滑片
CQE,黑排骨,黑排骨
CR,黑膠,黑膠
CR1,焊接,焊接
CR2Q,黃金燈泡,黃金燈泡
CRW,焊接頭,焊接頭
CS,後鈕,後鈕
CTW,火車頭,火車頭
CU,黃油,黃油
CUE,迴油管,迴油管
CUE1,黃油蓋,黃油蓋
CUE5F,含氧感知器,含氧感知器
CUF,化油器,化油器
CUR,化油劑,化油劑
CUW,黃油條,黃油條
CUY SUY,黃油嘴,黃油嘴
CV,後肖,後肖
CV11,後下巴,後下巴
CVC,護線環,護線環
CVETY,後箱蓋車子,後箱蓋車子
CVN,火星塞,火星塞
CVNUZ,火星塞油封,火星塞油封
CVNVQ,火星塞橡皮,火星塞橡皮
CVR1VXF,後箱緊閉吸力器,後箱緊閉吸力器
CVV,焊錫線,焊錫線
CVWE,活性碳罐,活性碳罐
CVXE,后箱拉桿,后箱拉桿
CW,護套,護套
CW1,焊條,焊條
CW2,黑頭,黑頭
CWT,核電廠,核電廠
CX,海拉,海拉
CX1CF,迴路保護器,迴路保護器
CX5T,後輪軸承,後輪軸承
CXE,後連桿,後連桿
CXE1,後輪龜,後輪龜
CY,盒子,盒子
CZ,焊粉,焊粉
CZ1,哈夫,哈夫
CZ2,貨放,貨放
D-,考耳,考耳
D1E,空白罐,空白罐
D2DE,空檔開關,空檔開關
D2Y,嵌燈組,嵌燈組
D5,卡止,卡止
D5C,控制盒,控制盒
D5F,控制器,控制器
D5Z,控制閥,控制閥
DC,扣環,扣環
DCY,看紅座,看紅座
DE,開關,開關
DEF,開灌器,開灌器
DF1,空氣表,空氣表
DFE,空氣管,空氣管
DFV,空氣芯,空氣芯
DFVY,空氣芯座,空氣芯座
DFVYT,空氣芯總成,空氣芯總成
DFW,空氣桶,空氣桶
DFX1,空氣喇叭,空氣喇叭
DFXXF DFXXR,空氣流量器,空氣流量器
DFZ,空氣閥,空氣閥
DGCVW,扣式護線套,扣式護線套
DGNW,扣式塞頭,扣式塞頭
DGSVC,扣式扭線環,扣式扭線環
DK,DK,DK
DNGZZ,快速釋放閥,快速釋放閥
DUF,擴音器,擴音器
DUR,空壓機,空壓機
DWGQVE2Y,可調式配線固定座,可調式配線固定座
DXT,可拉長,可拉長
DXYDE,克拉子開開,克拉子開開
DY,扣子,扣子
D-YT,考耳總成,考耳總成
DZ,咖啡,咖啡
E1,鋼板,鋼板
E1WQ,鋼板套片,鋼板套片
E1YT,鋼板總成,鋼板總成
E2,鼓燈,鼓燈
E21,缸墊,缸墊
E211,固定板,固定板
E220S,高低檔按扭,高低檔按扭
E222HZ,高低檔電磁閥,高低檔電磁閥
E2E,固定蓋,固定蓋
E2G,固定束,固定束
E2R,固定架,固定架
E2S,固定鈕,固定鈕
E2W,固定頭,固定頭
E2Y,固定座,固定座
E350,E350,E350
E5F,感知器,感知器
EAUNR,",壓縮機鎖缸","及清洗管路,壓縮機鎖缸"
EB1,隔熱布,隔熱布
EB2,隔熱墊,隔熱墊
EB5,感熱紙,感熱紙
EBA,隔熱棉,隔熱棉
EBE,隔熱管,隔熱管
EE,管蓋,管蓋
EE1,鋼管,鋼管
EG,鼓手,鼓手
EG1,工時表,工時表
EGR,EGR,EGR
EN,公司,公司
ENX,鋼絲輪,鋼絲輪
ER,工具,工具
ER1,管夾,管夾
ERF,過捲器,過捲器
ERR,廣角鏡,廣角鏡
ERV,工具箱,工具箱
EU1,高壓表,高壓表
EUE,高壓管,高壓管
EUF,感應器,感應器
EUV,高壓線,高壓線
EUV1,感應線,感應線
EVU,乾洗油,乾洗油
EW,缸套,缸套
EW1,管頭,管頭
EXFVR,管路清洗機,管路清洗機
EY,工資,工資
EY1,乾燥包,乾燥包
EY11,工作包,工作包
EY2,工作燈,工作燈
EY3,蓋子,蓋子
EY4,管子,管子
EYF,乾燥器,乾燥器
EYQ1E,乾燥瓶(白干),乾燥瓶(白干)
EYQCE,乾燥瓶(黑干),乾燥瓶(黑干)
EYR,乾燥劑,乾燥劑
EZRA2,鼓風機馬達,鼓風機馬達
EZRA2YT,鼓風機馬達總成,鼓風機馬達總成
F1,前保,前保
F1E1XX,前保桿保麗龍,前保桿保麗龍
F2,前燈,前燈
F2A2,起動馬達,起動馬達
F2A2TX,起動馬達齒輪,起動馬達齒輪
F2AU,起動馬牙,起動馬牙
F2DE,起動開關,起動開關
F2VY,起動心子,起動心子
F2YT,前燈總成,前燈總成
F51,前中巴,前中巴
F51UW,前中巴壓條,前中巴壓條
F55,前支柱,前支柱
F5CN,曲軸華司,曲軸華司
F5E2D,曲軸固定蓋,曲軸固定蓋
F5E5F,曲軸感知器,曲軸感知器
F5F,前中全,前中全
F5Q2Q,曲軸皮帶盤,曲軸皮帶盤
F5X2,前置雷達,前置雷達
F5XE,曲軸連桿,曲軸連桿
F5YA,曲軸子妹,曲軸子妹
FAE,氣門蓋,氣門蓋
FAE2Q,氣門蓋墊片,氣門蓋墊片
FAG2Q,汽門室墊片,汽門室墊片
FAG2QY,汽門室墊片組,汽門室墊片組
FAGE,汽門室蓋,汽門室蓋
FAGXN2,汽門室螺絲墊,汽門室螺絲墊
FAUZ,汽門油封,汽門油封
FE,前蓋,前蓋
FE1,槍管,槍管
FE2,切管刀,切管刀
FE2D,強光燈殼,強光燈殼
FEE,汽缸蓋,汽缸蓋
FEF5X,汽缸曲軸連,汽缸曲軸連
FER,汽缸膠,汽缸膠
FET,汽缸床,汽缸床
FET2Q,汽缸床墊片,汽缸床墊片
FEW,汽缸套,汽缸套
FHR,清倉件,清倉件
FHUQ,汽材一批,汽材一批
FMT,晴雨窗,晴雨窗
FQC2V,強迫換檔線,強迫換檔線
FQRUV,強迫加油線,強迫加油線
FT1,汽車表,汽車表
FT2Q,汽車燈炮,汽車燈炮
FTCV CV,汽車花線,汽車花線
FTX1,汽車喇叭,汽車喇叭
FU1,汽油杯,汽油杯
FU11,汽油表,汽油表
FU1Q,汽油泵浦,汽油泵浦
FU1QYT,汽油泵浦總成,汽油泵浦總成
FUE,汽油管,汽油管
FUE1,汽油蓋,汽油蓋
FUR,汽油精,汽油精
FUUXW5F,汽油壓力調整器,汽油壓力調整器
FUUXZ,汽油壓力閥,汽油壓力閥
FUV,汽油芯,汽油芯
FUXF,汽油濾器,汽油濾器
FV,清洗,清洗
FVG,清洗刷,清洗刷
FVQ,清洗瓶,清洗瓶
FVR FEU,清洗劑 (清管液),清洗劑
FW,其他,其他
FWR,去碳劑,去碳劑
FXD,前輪殼,前輪殼
FY,起子,起子
FYU,去漬油,去漬油
G1,飾板,飾板
G1Q,水邦浦,水邦浦
G1Q2Y,水邦浦底座,水邦浦底座
G1QYT,水幫浦總成,水幫浦總成
G1X,砂布輪,砂布輪
G21,試電筆,試電筆
G2E5F,速度感知器,速度感知器
G2GT,手動煞車,手動煞車
G2W,手電筒,手電筒
G5,時鐘,時鐘
G51,水柵,水柵
G5WC,時鐘彈簧,時鐘彈簧
GCF,燒焊器,燒焊器
GCW,燒焊頭,燒焊頭
GE,水龜,水龜
GE1,水管,水管
GE2,上蓋,上蓋
GE2X,時規惰輪,時規惰輪
GE3,飾蓋,飾蓋
GEE,時規蓋,時規蓋
GEE1,水龜蓋,水龜蓋
GEF,閃光器,閃光器
GEG,水管束,水管束
GEQ2,時規皮帶,時規皮帶
GEW,水龜頭,水龜頭
GEXW,時規鏈條,時規鏈條
GEXWC1,時規鏈條滑板,時規鏈條滑板
GEXWU1,時規鏈條壓板,時規鏈條壓板
GEY,水龜座,水龜座
GEY1,水管座,水管座
GF,手槍,手槍
GGT,手煞車,手煞車
GGTDE,手煞車開關,手煞車開關
GGTV,手煞車線,手煞車線
GGTX1,手煞車拉柄,手煞車拉柄
GJDE J2W,水位開關,水位開關
GJE5F,水溫感知器,水溫感知器
GJE5F1,水位感知器,水位感知器
GJJ2E5F,室外溫度感知器,室外溫度感知器
GN,水塞,水塞
GR5R,手機支架,手機支架
GRJAUDF,升降尾門遙控器,升降尾門遙控器
GRR,升降機,升降機
GRRA2,升降機馬達,升降機馬達
GRRA2YT,升降機馬達總成,升降機馬達總成
GS2,室內燈,室內燈
GS2D,室內燈框,室內燈框
GS2Q,室內燈炮,室內燈炮
GS2Y,水泥電阻,水泥電阻
GSR,室內鏡,室內鏡
GSVCDE,室內循環開關,室內循環開關
GT,視窗,視窗
GT2,煞車燈,煞車燈
GT2D,煞車燈殼,煞車燈殼
GT2DE,煞車燈開關,煞車燈開關
GT2Q,煞車燈炮,煞車燈炮
GTDE,煞車開關,煞車開關
GTE,煞車鼓,煞車鼓
GTE1,煞車管,煞車管
GTF,煞車器,煞車器
GTF1,煞車氣幫,煞車氣幫
GTQ1,煞車盤,煞車盤
GTQCZ,煞車平衡閥,煞車平衡閥
GTU,煞車油,煞車油
GTUC,煞車油壺,煞車油壺
GTV,煞車線,煞車線
GTVX1,煞車修理包,煞車修理包
GTY1,煞車總泵,煞車總泵
GTZ1,煞車分泵,煞車分泵
GTZ5F,煞車輔助器,煞車輔助器
GU1Q,手壓幫浦,手壓幫浦
GV,水箱,水箱
GV1,下蓋,下蓋
GV11,上修包,上修包
GV1XU 1XU,水箱補漏液,水箱補漏液
GV2,束線帶,束線帶
GVA2,水箱馬達,水箱馬達
GVC5,水箱護罩,水箱護罩
GVDE,上下開關,上下開關
GVE,水箱蓋,水箱蓋
GVE1,蛇型管,蛇型管
GVEY,水箱蓋座,水箱蓋座
GVJ2W J2W,水箱溫度頭,水箱溫度頭
GVNBA2,水箱散熱馬達,水箱散熱馬達
GVNBA2YT,水箱散熱馬達總成,水箱散熱馬達總成
GVR,水箱精,水箱精
GVR1,水箱架,水箱架
GVRJR,水箱降溫劑,水箱降溫劑
GVTVR,水箱除銹劑,水箱除銹劑
GW,飾條,飾條
GW1,獅頭,獅頭
GWV,手套箱,手套箱
GXQ,砂輪片,砂輪片
GXV,水濾芯,水濾芯
GXW,試漏頭,試漏頭
GXZ,手拉閥,手拉閥
GY,束子,束子
GY5,十字軸,十字軸
GY5T,十字軸承,十字軸承
GYRW,十字接頭,十字接頭
GZ5T,釋放軸承,釋放軸承
H2,側燈,側燈
HCDE,磁簧開關,磁簧開關
HG1,測試表,測試表
HGW,測試台,測試台
HID,HID 大燈燈炮總成,HID 大燈燈炮總成
HW,磁鐵,磁鐵
HYU,操作油,操作油
HYUV,操作油芯,操作油芯
HYUVY,操作油芯座,操作油芯座
IBC,優融行,優融行
J1G,外把手,外把手
J1GY,外把手座,外把手座
J2,霧燈,霧燈
J21,溫度表,溫度表
J22,彎燈,彎燈
J22Q,霧燈燈炮,霧燈燈炮
J25,溫度針,溫度針
J2B,霧燈仁,霧燈仁
J2D,霧燈框,霧燈框
J2DE,霧燈開關,霧燈開關
J2DE1,微動開關,微動開關
J2E,霧燈蓋,霧燈蓋
J2E1,穩定桿,穩定桿
J2E5F,溫度感知器,溫度感知器
J2R,溫度計,溫度計
J2VY,霧燈線組,霧燈線組
J2W,溫度頭,溫度頭
JBN2XF,無熔絲斷路器,無熔絲斷路器
JC2,五號燈,五號燈
JD,外殼,外殼
JE,外蓋,外蓋
JGF,外水切,外水切
JQG2XE2W,外迫式電纜固定頭,外迫式電纜固定頭
JR,彎角,彎角
JR1,文具,文具
JUF,穩壓器,穩壓器
JV2XF,微型斷路器,微型斷路器
JVRW,萬向接頭,萬向接頭
JX,萬力,
JXE,渦輪管,渦輪管
JXYU,渦輪增壓,渦輪增壓
LALA,LALA 快遞,LALA 快遞
LED,LED 大燈燈炮總成,LED 大燈燈炮總成
LED2,LED燈,LED燈
LED2Q,LED燈泡,LED燈泡
LED2Y,LED 電阻,LED 電阻
LEDU2W U2W UW2 LEDUW2,LED 硬燈條,LED 硬燈條
LEDY,LED座,LED座
M22,閱讀燈,閱讀燈
M52BF,運轉電容器,運轉電容器
MB22F,預熱斷電器,預熱斷電器
MBN,預熱塞,預熱塞
MGA2,雨刷馬達,雨刷馬達
MGDE,雨刷開關,雨刷開關
MGE,雨刷桿,雨刷桿
MGQ,雨刷片,雨刷片
MGR,雨刷精,雨刷精
MGXE,雨刷拉桿,雨刷拉桿
MGY,雨刷座,雨刷座
MOL,moli,moli
MU,原因,原因
MY2,原子燈,原子燈
MY2YT,原子燈總成,原子燈總成
MZ,運費,運費
N2,色帶,色帶
N21,速度表,速度表
N22D,速度燈殼,速度燈殼
N22YT,速度燈總成,速度燈總成
N2E5F,速度感知器,速度感知器
NB,鎖仁,鎖仁
NBA2,散熱馬達,散熱馬達
NBA2D,散熱馬達框,散熱馬達框
NBQ XQ,散熱片 (冷排),散熱片
NIL,NILES,NILES
NIQX60,NIQX60,NIQX60
NR,稅金,稅金
NR1,三角板,三角板
NR12,塑膠杯,塑膠杯
NRC,塑膠花,塑膠花
NRR,塑膠夾,塑膠夾
NRR1,三角架,三角架
NRR2,塑膠夾,塑膠夾
NRRWW,三角架鐵套,三角架鐵套
NRW,塑膠套,塑膠套
NRW1,塑膠桶,塑膠桶
NURA1,收音機面板,收音機面板
NW,三通,三通
NWE,三通管,三通管
NY,塞子,塞子
PE208,寶獅208,寶獅208
PEE,PE管,PE管
PULLY,PULLY,PULLY
PVC,PVC,PVC
PVCW RW,PVC 套,PVC 套
PVCZ,PVC閥,PVC閥
Q2,皮帶,皮帶
Q22,排檔燈,排檔燈
Q22HZ,排檔電磁閥,排檔電磁閥
Q2E,排檔桿,排檔桿
Q2Q,皮帶盤,皮帶盤
Q2QE,皮帶盤蓋,皮帶盤蓋
Q2T,皮帶尺,皮帶尺
Q2TWY,排檔櫬套組,排檔櫬套組
Q2U Q2R,皮帶油,皮帶油
Q2V,排檔線,排檔線
Q2VW,排檔線頭,排檔線頭
Q2W,排檔頭,排檔頭
Q2W1,排檔套,排檔套
Q51,牌照板,牌照板
Q52,牌照燈,牌照燈
Q52D,牌照燈殼,牌照燈殼
Q52Y,牌照燈座,牌照燈座
Q5DE Q5Z,膨脹開關,膨脹開關
Q5G,牌照稅,牌照稅
QCE,平衡桿,平衡桿
QF,票期,票期
QF1,噴槍,噴槍
QF2Q,排氣墊片,排氣墊片
QFA,排氣門,排氣門
QFCE,排氣迴管,排氣迴管
QFE,排氣管,排氣管
QFFA,排氣氣門,排氣氣門
QFFE,排氣氣管,排氣氣管
QFFE1,排氣歧管,排氣歧管
QFGTCAYT,排氣煞車活門總成,排氣煞車活門總成
QFGTDE,排氣煞車開關,排氣煞車開關
QFGTZ-,排氣煞車凡而,排氣煞車凡而
QGA2,噴水馬達,噴水馬達
QGE,噴水管,噴水管
QGW,噴水頭,噴水頭
QGW1,噴水桶,噴水桶
QGWYT,噴水桶總成,噴水桶總成
QR,迫緊,迫緊
QR1,配件,配件
QRC,迫緊盒,迫緊盒
QREXE,平均桿拉桿,平均桿拉桿
QTA,跑車母,跑車母
QUY,噴油嘴,噴油嘴
QV15,配線標誌,配線標誌
QV5E5F,偏心軸感知器,偏心軸感知器
QV5UZ,偏心軸油封,偏心軸油封
QVE2S,配線固定紐,配線固定紐
QW,噴頭,噴頭
QZV 2TV,平方線,平方線
R1 R2,膠布,膠布
R11,角板,角板
R1F,警報器,警報器
R2,角燈,角燈
R21,寄到,寄到
R22,膠墊,膠墊
R23,接點,接點
R24,鉸刀,鉸刀
R2D F2D,角燈殼 (前燈殼),角燈殼 (前燈殼)
R2D1,角燈框,角燈框
R2V,接地線,接地線
R5R,接著劑,接著劑
RAF,解碼器,解碼器
RC,進貨,進貨
RC2,菊花燈,菊花燈
RE,舉杆,舉杆
RE1,接管,接管
REFZ,舉高器閥,舉高器閥
REY,鏡桿座,鏡桿座
RF2Q,進氣墊片,進氣墊片
RF5Z,進氣歧閥,進氣歧閥
RFA,節氣門,節氣門
RFA2Q,節氣門墊片,節氣門墊片
RFAYT,節氣門總成,節氣門總成
RFFA,進氣氣門,進氣氣門
RFFE,進氣歧管,進氣歧管
RFFZ,進氣歧閥,進氣歧閥
RFRE,進氣膠管,進氣膠管
RFVQ,進氣橡皮,進氣橡皮
RFW,集氣筒,集氣筒
RG2,警示燈,警示燈
RGD,加水口,加水口
RGF,計時器,計時器
RGRG2,捲式結束帶,捲式結束帶
RJF,節溫器,節溫器
RJF2Q,節溫器墊片,節溫器墊片
RJFE,節溫器蓋,節溫器蓋
RJFY,節溫器座,節溫器座
RM2Y,絕緣端子,絕緣端子
RMQ,絕緣片,絕緣片
RMQVH,絕緣配線槽,絕緣配線槽
RMWE,絕緣套管,絕緣套管
RNA2 GGTCJ Z1A2 F2A2,減速馬達 砂石車黑網 帆布馬達,減速馬達
RNDE,加速開關,加速開關
RO,ROFAN,ROFAN
RQ,舊品,舊品
RQ1,晶片,晶片
RQ1RNF,晶片接收器,晶片接收器
RQ2,鏡片,鏡片
RR1E,進氣導管,進氣導管
RT,價差,價差
RT2Q,機車燈泡,機車燈泡
RTF,擊窗器,擊窗器
RTV,救車線,救車線
RU,機油,機油
RU1,機油表,機油表
RU1Q,機油邦浦,機油邦浦
RU2DE,機油燈開關,機油燈開關
RUA2,加油馬達,加油馬達
RUD,記憶卡,記憶卡
RUDE RUUXDE,機油開關,機油開關
RUE,機油蓋,機油蓋
RUEX,機油干樂,機油干樂
RUF,加油槍,加油槍
RUJ21,機油溫度表,機油溫度表
RUR,加油機,加油機
RUT,機油尺,機油尺
RUV,機油芯,機油芯
RUV1,加油線,加油線
RUVE,機油芯蓋,機油芯蓋
RUVY,機油芯座,機油芯座
RUW,記憶體,記憶體
RVC,接線盒,接線盒
RVR,接線夾,接線夾
RW,接頭,接頭
-RW,二極體,二極體
RW1,腳踏板,腳踏板
RW2,腳踏墊,腳踏墊
RW3,鏡頭,鏡頭
RW4,膠條,膠條
RW5,膠套,膠套
RWC,接頭環,接頭環
RWCX2,交通紅綠燈,交通紅綠燈
RWDE,腳踏開關,腳踏開關
RWJD,夾鐵外殼,夾鐵外殼
RX1,紀錄表,紀錄表
RX5,紀錄紙,紀錄紙
RXJD,夾鋁外殼,夾鋁外殼
RXN,六角鎖,六角鎖
RY,夾子,夾子
RZ,寄放,寄放
RZ5,集風罩,集風罩
S1F,逆變器,逆變器
S1G,內把手,內把手
S1GD,內把手框,內把手框
S1GGXV,內把手手拉線,內把手手拉線
S5Z,逆止閥,逆止閥
SB1,耐熱布,耐熱布
SCE,內護桿,內護桿
SE,內骨,內骨
SE1,內龜板,內龜板
SE3,軟管,軟管
SFE,暖氣管,暖氣管
SFV 5ZF BGV,暖氣箱,暖氣箱
SFVYT,暖氣箱總成,暖氣箱總成
SFZVYT,暖氣風箱總成,暖氣風箱總成
SG1,內飾板,內飾板
SGF,內水切,內水切
SGQVE2Y,黏式配線固定座,黏式配線固定座
SH,泥槽,泥槽
SJVCA2,內外循環馬達,內外循環馬達
SNV,尿素芯,尿素芯
ST,泥槽,泥槽
SW,內鐵,內鐵
SX1G,扭力板手,扭力板手
SXE,扭力桿,扭力桿
T0,長安,長安
T1E,,
T1Y,茶杯座,茶杯座
T22,車頂燈,車頂燈
T25,傳動軸,傳動軸
T25UZ,傳動軸油封,傳動軸油封
T25ZTW,傳動軸防塵套,傳動軸防塵套
T2F,充電器,充電器
T2R,充電機,充電機
TA,觸媒,觸媒
TA0DY,車門按扣座,車門按扣座
TA12,車門板燈,車門板燈
TA25,車門檔止,車門檔止
TACW,車門黑頭,車門黑頭
TADE,車門開關,車門開關
TADG,車門靠手,車門靠手
TAGDE,觸摸式開關,觸摸式開關
TANB,車門鎖仁,車門鎖仁
TARW,車門膠條,車門膠條
TAS,車門鈕,車門鈕
TAVGW,車門下飼條,車門下飼條
TAVQ,車門橡皮,車門橡皮
TC,茶壺,茶壺
TE,撐桿,撐桿
TEU1CF,超高壓保護器,超高壓保護器
TF,川崎,川崎
TF1,充氣表,充氣表
TF11G,充氣表把手,充氣表把手
TF1E,充氣表管,充氣表管
TF1XEZ-,充氣表拉桿凡而,充氣表拉桿凡而
TF1Z-ZA,充氣表凡而閥門,充氣表凡而閥門
TFGE2Y,插鞘式固定座,插鞘式固定座
TFW,充氣頭,充氣頭
TFWE,充氣頭蓋,充氣頭蓋
TGD,出水口,出水口
TGR,TGR,TGR
TGW,出水頭,出水頭
TH,車側,車側
TJDE,除霧開關,除霧開關
TK,TKK,TKK
TK1,差額,差額
TMRU,車用機油,車用機油
TN2,超速燈,超速燈
TNC,臭酸糊,臭酸糊
TNFU,差速器油,差速器油
TQ,插片,插片
TQR,車牌架,車牌架
TRU,柴油TURBO,柴油TURBO
TRUTDE,TR引出開關,TR引出開關
TS2,車內燈,車內燈
TT2,超車燈,超車燈
TT2D,超車燈殼,超車燈殼
TT2DE,超車燈開關,超車燈開關
TTRQF,車窗擊破器,車窗擊破器
TU1,柴油表,柴油表
TU1Q,柴油泵浦,柴油泵浦
TU5,柴油紙,柴油紙
TUE,抽油管,抽油管
TUE1,抽油管,抽油管
TUR,柴油精,柴油精
TUV,柴油芯,柴油芯
TUVYT,柴油芯總成,柴油芯總成
TUX1,船音喇叭,船音喇叭
TV,插肖,插肖
TW,插頭,插頭
TW1,襯套,襯套
TWR,充填機,充填機
TX,齒輪,齒輪
TX2,車輪擋,車輪擋
TXE,窗簾勾,窗簾勾
TXU,齒輪油,齒輪油
TXV,齒輪肖,齒輪肖
TY,插座,插座
TY1,車子,車子
TY2,出租燈,出租燈
TZD,出風口,出風口
U1,壓板,壓板
U11,油杯,油杯
U12Q,儀表燈炮,儀表燈炮
U1A1,儀表面板,儀表面板
U1E,搖臂蓋,搖臂蓋
U1VF,引爆線圈,引爆線圈
U1X2DE,儀表亮度開關,儀表亮度開關
U1YT,儀表總成,儀表總成
U2D,油底殼,油底殼
U2D2Q,油底殼墊片,油底殼墊片
UAA2,油門馬達,油門馬達
UAR UJR,油面計(油位計),油面計
UAV,油門線,油門線
UC,煙盒,煙盒
UC1,油壺,油壺
UCE,銀悍膏,銀悍膏
UDF,遙控器,遙控器
UE,油管,油管
UE2,螢光燈,螢光燈
UEE5F,陽光感知器,陽光感知器
UER,壓管機,壓管機
UER1,螢光劑,螢光劑
UERVG2,螢光劑顯示燈,螢光劑顯示燈
UEW,壓管頭,壓管頭
UF1,氧氣錶,氧氣錶
UF1W,引擎本體,引擎本體
UF2Y,引擎底座,引擎底座
UF5N1,引擎轉速表,引擎轉速表
UFDE,引擎開關,引擎開關
UFE,引擎蓋,引擎蓋
UFEX1,引擎蓋拉把,引擎蓋拉把
UFGTDE,引擎煞車開關,引擎煞車開關
UFJ2W,引擎溫度頭,引擎溫度頭
UFR,引擎腳,引擎腳
UFVC1,引擎下護板,引擎下護板
UFVCV,引擎熄火線,引擎熄火線
UFXE,引擎拉桿,引擎拉桿
UFZXF,油氣分離器,油氣分離器
UG,鑰匙,鑰匙
UGDE,壓式開關,壓式開關
UGV,油水芯,油水芯
UGZXF,油水分離器,油水分離器
UN,UNITTA,UNITTA
UN1,油塞,油塞
UNR,壓縮機,壓縮機
UNR1CW,壓縮機變換頭,壓縮機變換頭
UNR1W,壓縮機本體,壓縮機本體
UNR1Y,壓縮機脖子,壓縮機脖子
UNR2YQ,壓縮機彈子盤,壓縮機彈子盤
UNRCE,壓縮機後蓋,壓縮機後蓋
UNRD5Z ECV,壓縮機控制閥,壓縮機控制閥
UNRE5F,壓縮機感知器,壓縮機感知器
UNREE,壓縮機管蓋,壓縮機管蓋
UNRER,壓縮機工具,壓縮機工具
UNRFAQY,壓縮機氣門片組,壓縮機氣門片組
UNRGE,壓縮機上蓋,壓縮機上蓋
UNRJ2DE,壓縮機溫度開關,壓縮機溫度開關
UNRQ2Q,壓縮機皮帶盤,壓縮機皮帶盤
UNRQR,壓縮機配件,壓縮機配件
UNRTW,壓縮機插頭,壓縮機插頭
UNRUZ,壓縮機油封,壓縮機油封
UNRVX,壓縮機修理,壓縮機修理
UNRVX1,壓縮機修理包,壓縮機修理包
UQ,葉片,葉片
UQ1,油瓶,油瓶
UR,羊角,羊角
UR1,油精,油精
URA2,加油馬達,加油馬達
USBY,USB座,USB座
UT,油尺,油尺
U-T,乙二醇,乙二醇
UTV,延長線,延長線
UTVC2GF,延遲熄火訂時,延遲熄火訂時
UUD,油壓缸,油壓缸
UUE,油壓缸,油壓缸
UUG,營業稅,營業稅
UUNR1Y,壓縮機脖子,壓縮機脖子
UUWRZ,油壓調節閥,油壓調節閥
UV,油箱,油箱
UV1,音響板,音響板
UVE,隱型管,隱型管
UVE1,油箱蓋,油箱蓋
UVX2,音響喇叭,音響喇叭
UVZV,隱型風箱,隱型風箱
UW,壓條,壓條
UW1,油條,油條
UXDE CEDE PS,壓力開關,壓力開關
UXDEY,壓力開關座,壓力開關座
UXR,飲料架,飲料架
UY,葉子,葉子
UY1,葉子板,葉子板
UY2,郵資,郵資
UZ,油封,油封
UZ1,油桶,油桶
UZE,油封蓋,油封蓋
UZXF,油分離器,油分離器
V,錫,錫
V1N,小波司,小波司
V2,小燈,小燈
V21,下擋板,下擋板
V22M,行動電源,行動電源
V2LED,行動LED,行動LED
V2Y,小燈座,小燈座
V52,旋轉燈,旋轉燈
V522Y,旋轉燈底座,旋轉燈底座
V52D,旋轉燈殼,旋轉燈殼
V52WY,旋轉燈鐵座,旋轉燈鐵座
V5S,旋轉鈕,旋轉鈕
VCA2,熄火馬達,熄火馬達
VCU,循環油,循環油
VCV,熄火線,熄火線
VE,下蓋,下蓋
VF,線圈,線圈
VGD5F D5F,顯示控制器,顯示控制器
VGE,洗手膏,洗手膏
VGZ,洗手粉,洗手粉
VH,線槽,線槽
VH1,下側板,下側板
VHR,線槽剪,線槽剪
VQ,橡皮,橡皮
VQ1,橡皮包,橡皮包
VQE,橡皮管,橡皮管
VQN,小波司,小波司
VR,線夾,線夾
VR1,現金,現金
VR2Q,斜角燈泡,斜角燈泡
VRTW,橡膠插頭,橡膠插頭
VTC,VTC,VTC
VTRXF,行車紀錄器,行車紀錄器
VTWA2,掀車頭馬達,掀車頭馬達
VU,矽油,矽油
VUE VUF AUF,消音管,消音管
VUF AUF,消音器,消音器
VUF1,消音器吊,消音器吊
VUZ,洩壓閥,洩壓閥
VV,線芯,線芯
VVZV,箱型風箱,箱型風箱
VWA2,掀頭馬達,掀頭馬達
VX,修理,修理
VX1,修理包,修理包
VXD,矽利康,矽利康
VXVN,行李箱鎖,行李箱鎖
VY,線組,線組
VYDE,選擇開關,選擇開關
VYR,心臟劑,心臟劑
VZ,信封,信封
W1,踏板,踏板
W11,鐵板,鐵板
W12,銅包,銅包
W1Y,踏板座,踏板座
W2,條燈,條燈
W21,碳帶,碳帶
W22,頭燈,頭燈
W221,鐵道燈,鐵道燈
W2DE,拖檔開關,拖檔開關
W5,貼紙,貼紙
W52,探照燈,探照燈
W5E,調整桿,調整桿
W5F,調整器,調整器
W5V,調整線,調整線
W5Z,停止閥,停止閥
W5Z1,調整閥,調整閥
WARE,透明膠管,透明膠管
WC,彈簧,彈簧
WD40,WD40,WD40
WE,鐵管,鐵管
WE1,銅管,銅管
WE2,套管,套管
WE3,鐵罐,鐵罐
WF,銅圈,銅圈
WFZ,通氣閥,通氣閥
WG,碳刷,碳刷
WGDE,筒式開關,筒式開關
WGW1,噴水桶,噴水桶
WGX1E,筒式喇叭管,筒式喇叭管
WGX1YT,筒式喇叭總成,筒式喇叭總成
WGY,碳刷座,碳刷座
WH,鐵槽,鐵槽
WJ,鐵網,鐵網
WNF,推送器,推送器
WNZ,提速閥,提速閥
WQ,銅片,銅片
WQ1,彈片,彈片
WQ2,鐵片,鐵片
WR,鐵架,鐵架
WTA2,天窗馬達,天窗馬達
WTAU,脫臭煤油,脫臭煤油
WTE,拖車蓋,拖車蓋
WTRQ,天窗配件,天窗配件
WTX,停車鈴,停車鈴
WU1,胎壓表,胎壓表
WU1C,統一編號,統一編號
WU5HF,胎壓偵測器,胎壓偵測器
WUR,胎壓計,胎壓計
WUZ,調壓閥,調壓閥
WV,天線,天線
WV1,銅心,銅心
WVV,天線芯,天線芯
WVW,天線頭,天線頭
WW,銅頭,銅頭
WW1,銅套,銅套
WW2,鐵套,鐵套
WW3,抬頭,抬頭
WW4,碳筒,碳筒
WWVGF,抬頭顯示器,抬頭顯示器
WX2X2,輪胎得力帶,輪胎得力帶
WY,鐵座,鐵座
WY2,工作燈,工作燈
WZJ,通風網,通風網
WZX,鐵弗龍,鐵弗龍
WZZ,通風閥,通風閥
X10R,喇叭按鍵,喇叭按鍵
X10SE,喇叭按鈕蓋,喇叭按鈕蓋
X1G1,喇叭手柄,喇叭手柄
X1RVF,喇叭間歇器,喇叭間歇器
X1UNR,喇叭壓縮機,喇叭壓縮機
X1V,喇叭線,喇叭線
X1VF,喇叭線圈,喇叭線圈
X1W,喇叭頭,喇叭頭
X2U,冷凍油,冷凍油
X2UR5W,冷凍油加注筒,冷凍油加注筒
XA,冷煤,冷煤
XA1,路碼表,路碼表
XA1V,路碼表線,路碼表線
XA2,螺帽,螺帽
XACGR,冷煤回收機,冷煤回收機
XAHXU,冷媒測漏儀,冷媒測漏儀
XAW,冷媒筒,冷媒筒
XAWXF,冷煤探漏器,冷煤探漏器
XC,輪弧,輪弧
XCF,離合器,離合器
XCF1,離合器板,離合器板
XCF1Q,離合器幫浦,離合器幫浦
XCF1T,離合器撥叉,離合器撥叉
XCF5T,離合器軸承,離合器軸承
XCFN1,離合器三寶,離合器三寶
XCFQ,離合器片,離合器片
XCFQY,離合器片仔,離合器片仔
XCFU1,離合器壓板,離合器壓板
XCFV,離合器線,離合器線
XCFW1TV,離合器踏板插銷,離合器踏板插銷
XCFWC,離合器彈簧,離合器彈簧
XCFY1,離合器總泵,離合器總泵
XCFYT,離合器總成,離合器總成
XCFZ1,離合器分泵,離合器分泵
XCFZ511,離合器輔助氣幫,離合器輔助氣幫
XCU,潤滑油,潤滑油
XCW,鋁焊條,鋁焊條
XCZ,鋁焊粉,鋁焊粉
XD,鋁殼,鋁殼
XE,鋁管,鋁管
XE1,浪管,浪管
XE1 TE,拉桿 (撐桿),拉桿
XE3,鋁罐,鋁罐
XEW,鋁公頭/燒焊用,鋁公頭/燒焊用
XF22F,冷氣斷電器,冷氣斷電器
XFA2,冷氣馬達,冷氣馬達
XFD5A1YT,冷氣控制面板總成,冷氣控制面板總成
XFE,冷卻管,冷卻管
XFF,冷卻器,冷卻器
XFFW,冷氣全台,冷氣全台
XFG,冷氣束,冷氣束
XFGVNBA2,冷氣水箱散熱馬達總成,冷氣水箱散熱馬達總成
XFJ1E,冷氣外包管,冷氣外包管
XFJ2DE X2DE,冷氣溫度開關,冷氣溫度開關
XFNBA2,冷氣散熱馬達,冷氣散熱馬達
XFNBA2YT,冷氣散熱馬達總成,冷氣散熱馬達總成
XFR,冷氣架,冷氣架
XFR1,冷氣機,冷氣機
XFR2,冷氣膠,冷氣膠
XFUV,冷卻油心,冷卻油心
XFXJ,冷氣濾網,冷氣濾網
XFXJD,冷氣濾網框,冷氣濾網框
XGD5Z,流水控制閥,流水控制閥
XGVY,濾水心子,濾水心子
XJ,濾網,濾網
XJZ,勞務費,勞務費
XMWG2,綠色逃生燈,綠色逃生燈
XN,螺絲,螺絲
XN1,拉索,拉索
XNA,鋁螺母,鋁螺母
XNE2R,螺絲固定劑,螺絲固定劑
XNWG2,綠色逃生燈,綠色逃生燈
XQ,禮品,禮品
XQ1,鋁片,鋁片
XRN,六角鎖,六角鎖
XRUQ,零件一批,零件一批
XRVQ,六角橡皮,六角橡皮
XRW,鋁接頭,鋁接頭
XSF,冷凝器,冷凝器
XSFDWFCY,冷暖氣空調切換總成,冷暖氣空調切換總成
XSFDWYT,冷暖氣空調總成,冷暖氣空調總成
XSFFCA2,冷暖氣切換馬達,冷暖氣切換馬達
XT1,里程表,里程表
XUZ-,螺牙凡而,螺牙凡而
XV,拉線,拉線
XW,立鐵,立鐵
XW2X2,輪胎得力帶,輪胎得力帶
XW2YQ,輪胎彈子盤,輪胎彈子盤
XWD5F,鍊條擴張器,鍊條擴張器
XWE,輪胎蓋,輪胎蓋
XWU,輪胎油,輪胎油
XWUZ,輪胎油封,輪胎油封
XWXN,輪胎螺絲,輪胎螺絲
XWXNA,輪胎螺絲帽,輪胎螺絲帽
XXA,鋁螺母,鋁螺母
XXQ GTQ,來令片 (煞車皮),來令片
XXQ35TFX2G,來令片3.5T 前輪-碟式,來令片3.5T 前輪-碟式
XXQ35TFXCX,來令片3.5T 前輪/後輪,來令片3.5T 前輪/後輪
XXQFX2G,來令片前輪-碟式,來令片前輪-碟式
XXR,流量計,流量計
XY,鋁座,鋁座
XYT,李仔串,李仔串
Y2,角燈,角燈
Y2ADE,自動門開關,自動門開關
Y2Q2U,自動排檔油,自動排檔油
YA,子妹,子妹
YAV,子母線,子母線
YC1,綜合表,綜合表
YCDE,綜合開關,綜合開關
YF,自取,自取
YG2,鑽石燈,鑽石燈
YJE,自位桿,自位桿
YS2,自黏袋,自黏袋
YZV,阻風線,阻風線
Z2F,防盜器,防盜器
Z2FX1,防盜器喇叭,防盜器喇叭
Z2Q,分電盤,分電盤
Z2QE,分電盤蓋,分電盤蓋
Z2QN,分電盤塞,分電盤塞
Z2R,發電機,發電機
Z2R5Y,發電機轉子,發電機轉子
Z2RCD,發電機後殼,發電機後殼
Z2RFD,發電機前殼,發電機前殼
Z2RVX,發電機修理,發電機修理
Z2RVXDY,發電機矽利康座,發電機矽利康座
Z5R,輔助鏡,輔助鏡
Z5RE,輔助鏡桿,輔助鏡桿
Z5RQ,輔助鏡片,輔助鏡片
Z5W ZGW 1GW,輔助桶,輔助桶
Z5W1,防撞條,防撞條
ZAF,蜂鳴器,蜂鳴器
ZCE,防護膏,防護膏
ZCW,分火頭,分火頭
ZCW1,防護條,防護條
ZE,風龜,風龜
ZE1,風管,風管
ZEQ,反光片,反光片
ZFCA,廢氣活門,廢氣活門
ZFCAVQ,廢氣活門橡皮,廢氣活門橡皮
ZFE,廢氣管,廢氣管
ZFEUF,廢氣感應器,廢氣感應器
ZFEXF,廢氣過濾器,廢氣過濾器
ZFV,廢氣芯,廢氣芯
ZFVC,廢器循環,廢器循環
ZFVCE,廢器循環管,廢器循環管
ZFW,廢氣桶,廢氣桶
ZFZ,廢氣閥,廢氣閥
ZG,扶手,扶手
ZG2Y,風扇電阻,風扇電阻
ZGF,發射器,發射器
ZGJD,風扇外框,風扇外框
ZGQ,非石棉,非石棉
ZGUQ,風扇葉片,風扇葉片
ZGV,副水箱,副水箱
ZGW,防水套,防水套
ZGXCF,風扇離合器,風扇離合器
ZM,費用,費用
ZNDE,風速開關,風速開關
ZNDEYT,風速開關總成,風速開關總成
ZNXCF,風散離合器,風散離合器
ZNXCFY,風散離合器座,風散離合器座
ZQG,發票稅,發票稅
ZR,副機,副機
ZR2B,飛機燈仁,飛機燈仁
ZR2YT,飛機燈總成,飛機燈總成
ZTW ZW,防塵套,防塵套
ZU,防油,防油
ZUE,防油罐,防油罐
ZV2,方向燈,方向燈
ZV2D,角燈殼,角燈殼
ZV2Y EXRW,風箱電阻 (功率晶體),風箱電阻
ZV2Y1,方向燈座,方向燈座
ZVA2 DWFCA2,風向馬達,風向馬達
ZVA21,風箱馬達,風箱馬達
ZVB 5ZF,風箱仁 (蒸發器),風箱仁
ZVF5Y,方向器中座,方向器中座
ZVGXW,風箱試漏頭,風箱試漏頭
ZVQ,方向盤,方向盤
ZVQAW,方向盤饅頭,方向盤饅頭
ZVQW,方向盤套,方向盤套
ZVR,防銹劑,防銹劑
ZVR1,方向機,方向機
ZVR1Q,方向機邦浦,方向機邦浦
ZVRU,方向機油,方向機油
ZVRUXED,方向機壓力開關,方向機壓力開關
ZVU,防銹油,防銹油
ZVUTE,風箱延長管,風箱延長管
ZVUV,方向油芯,方向油芯
ZW,浮筒,浮筒
ZW1,伏特表,伏特表
ZWXJ,浮筒濾網,浮筒濾網
ZX,飛輪,飛輪
ZX1,風雷,風雷
ZX5T,飛輪軸承,飛輪軸承
ZY,風嘴,風嘴
ZYC,風嘴盒,風嘴盒
ZYF,負載器,負載器
ZZZZZZZZZZZZZZZ,已刪除品名資料,已刪除品名資料
ZZZZZZZZZZZZZZZZZZZZ,已刪除品名資料,已刪除品名資料